Network,Device,Algorithm,Dataset,Net_Latency,HW_Latency,Total_Latency,Jitter,Throughput,Status
Ethernet,Laptop (Ryzen 7),PID Control,Kuala Lumpur,0.480721,0.00728563,0.488007,0.0201699,0.06592,PERFECT
Ethernet,Laptop (Ryzen 7),PID Control,New York,0.515936,0.00728563,0.523222,0.0192978,0.02496,PERFECT
Ethernet,Laptop (Ryzen 7),PID Control,Tokyo,0.486684,0.00728563,0.49397,0.0194771,0.02496,PERFECT
Ethernet,Laptop (Ryzen 7),RBC (Rule-Based),Kuala Lumpur,0.48761,0.00123857,0.488848,0.0196696,0.05568,PERFECT
Ethernet,Laptop (Ryzen 7),RBC (Rule-Based),New York,0.520154,0.00123857,0.521392,0.0192118,0.01472,PERFECT
Ethernet,Laptop (Ryzen 7),RBC (Rule-Based),Tokyo,0.491099,0.00123857,0.492337,0.020419,0.01472,PERFECT
Ethernet,Laptop (Ryzen 7),DQN,Kuala Lumpur,0.521963,0.0939387,0.615902,0.0200628,0.20928,PERFECT
Ethernet,Laptop (Ryzen 7),DQN,New York,0.50005,0.0939387,0.593989,0.0199233,0.16832,PERFECT
Ethernet,Laptop (Ryzen 7),DQN,Tokyo,0.504992,0.0939387,0.59893,0.0194696,0.16832,PERFECT
Ethernet,Laptop (Ryzen 7),PPO (Standard),Kuala Lumpur,0.492079,0.0339654,0.526045,0.0193503,0.05568,PERFECT
Ethernet,Laptop (Ryzen 7),PPO (Standard),New York,0.511443,0.0339654,0.545408,0.0194222,0.01472,PERFECT
Ethernet,Laptop (Ryzen 7),PPO (Standard),Tokyo,0.493934,0.0339654,0.5279,0.0202847,0.01472,PERFECT
Ethernet,Laptop (Ryzen 7),Hybrid LSTM-PPO,Kuala Lumpur,0.532191,1.05821,1.5904,0.019911,0.7008,PERFECT
Ethernet,Laptop (Ryzen 7),Hybrid LSTM-PPO,New York,0.546004,1.05821,1.60421,0.0203456,0.65984,PERFECT
Ethernet,Laptop (Ryzen 7),Hybrid LSTM-PPO,Tokyo,0.528957,1.05821,1.58716,0.0192491,0.65984,PERFECT
Ethernet,Raspberry Pi 5,PID Control,Kuala Lumpur,0.51453,0.0874275,0.601957,0.0203978,0.06592,PERFECT
Ethernet,Raspberry Pi 5,PID Control,New York,0.487179,0.0874275,0.574606,0.0199386,0.02496,PERFECT
Ethernet,Raspberry Pi 5,PID Control,Tokyo,0.502365,0.0874275,0.589792,0.0208621,0.02496,PERFECT
Ethernet,Raspberry Pi 5,RBC (Rule-Based),Kuala Lumpur,0.513465,0.0148629,0.528328,0.020439,0.05568,PERFECT
Ethernet,Raspberry Pi 5,RBC (Rule-Based),New York,0.512141,0.0148629,0.527004,0.0208723,0.01472,PERFECT
Ethernet,Raspberry Pi 5,RBC (Rule-Based),Tokyo,0.483694,0.0148629,0.498556,0.0194993,0.01472,PERFECT
Ethernet,Raspberry Pi 5,DQN,Kuala Lumpur,0.50237,1.12726,1.62963,0.0192206,0.20928,PERFECT
Ethernet,Raspberry Pi 5,DQN,New York,0.515834,1.12726,1.6431,0.0200409,0.16832,PERFECT
Ethernet,Raspberry Pi 5,DQN,Tokyo,0.499009,1.12726,1.62627,0.0190506,0.16832,PERFECT
Ethernet,Raspberry Pi 5,PPO (Standard),Kuala Lumpur,0.485667,0.407584,0.893251,0.0207785,0.05568,PERFECT
Ethernet,Raspberry Pi 5,PPO (Standard),New York,0.506187,0.407584,0.913771,0.0203919,0.01472,PERFECT
Ethernet,Raspberry Pi 5,PPO (Standard),Tokyo,0.512525,0.407584,0.92011,0.0202092,0.01472,PERFECT
Ethernet,Raspberry Pi 5,Hybrid LSTM-PPO,Kuala Lumpur,0.560546,12.6985,13.259,0.0206367,0.7008,GOOD
Ethernet,Raspberry Pi 5,Hybrid LSTM-PPO,New York,0.551784,12.6985,13.2503,0.0195612,0.65984,GOOD
Ethernet,Raspberry Pi 5,Hybrid LSTM-PPO,Tokyo,0.515183,12.6985,13.2137,0.019942,0.65984,GOOD
Ethernet,Raspberry Pi 4,PID Control,Kuala Lumpur,0.48829,0.203998,0.692287,0.0194946,0.06592,PERFECT
Ethernet,Raspberry Pi 4,PID Control,New York,0.523844,0.203998,0.727841,0.0205985,0.02496,PERFECT
Ethernet,Raspberry Pi 4,PID Control,Tokyo,0.496235,0.203998,0.700232,0.0191016,0.02496,PERFECT
Ethernet,Raspberry Pi 4,RBC (Rule-Based),Kuala Lumpur,0.47881,0.03468,0.51349,0.0198876,0.05568,PERFECT
Ethernet,Raspberry Pi 4,RBC (Rule-Based),New York,0.516572,0.03468,0.551252,0.0194288,0.01472,PERFECT
Ethernet,Raspberry Pi 4,RBC (Rule-Based),Tokyo,0.501685,0.03468,0.536365,0.0191677,0.01472,PERFECT
Ethernet,Raspberry Pi 4,DQN,Kuala Lumpur,0.523092,2.63028,3.15338,0.0204269,0.20928,GOOD
Ethernet,Raspberry Pi 4,DQN,New York,0.485522,2.63028,3.11581,0.0203844,0.16832,GOOD
Ethernet,Raspberry Pi 4,DQN,Tokyo,0.521599,2.63028,3.15188,0.0209837,0.16832,GOOD
Ethernet,Raspberry Pi 4,PPO (Standard),Kuala Lumpur,0.479408,0.95103,1.43044,0.0199724,0.05568,PERFECT
Ethernet,Raspberry Pi 4,PPO (Standard),New York,0.522203,0.95103,1.47323,0.0196611,0.01472,PERFECT
Ethernet,Raspberry Pi 4,PPO (Standard),Tokyo,0.50376,0.95103,1.45479,0.0205528,0.01472,PERFECT
Ethernet,Raspberry Pi 4,Hybrid LSTM-PPO,Kuala Lumpur,0.51639,29.6298,30.1462,0.0203405,0.7008,GOOD
Ethernet,Raspberry Pi 4,Hybrid LSTM-PPO,New York,0.509885,29.6298,30.1397,0.0198672,0.65984,GOOD
Ethernet,Raspberry Pi 4,Hybrid LSTM-PPO,Tokyo,0.529507,29.6298,30.1593,0.0191224,0.65984,GOOD
Ethernet,Nvidia Jetson,PID Control,Kuala Lumpur,0.519926,0.0364281,0.556354,0.02044,0.06592,PERFECT
Ethernet,Nvidia Jetson,PID Control,New York,0.507444,0.0364281,0.543872,0.0195943,0.02496,PERFECT
Ethernet,Nvidia Jetson,PID Control,Tokyo,0.484178,0.0364281,0.520606,0.0198712,0.02496,PERFECT
Ethernet,Nvidia Jetson,RBC (Rule-Based),Kuala Lumpur,0.490386,0.00619286,0.496579,0.0205081,0.05568,PERFECT
Ethernet,Nvidia Jetson,RBC (Rule-Based),New York,0.523806,0.00619286,0.529999,0.0197413,0.01472,PERFECT
Ethernet,Nvidia Jetson,RBC (Rule-Based),Tokyo,0.484065,0.00619286,0.490258,0.0194502,0.01472,PERFECT
Ethernet,Nvidia Jetson,DQN,Kuala Lumpur,0.497343,0.469694,0.967037,0.0198333,0.20928,PERFECT
Ethernet,Nvidia Jetson,DQN,New York,0.508142,0.469694,0.977836,0.0195157,0.16832,PERFECT
Ethernet,Nvidia Jetson,DQN,Tokyo,0.515788,0.469694,0.985481,0.0197096,0.16832,PERFECT
Ethernet,Nvidia Jetson,PPO (Standard),Kuala Lumpur,0.49744,0.169827,0.667267,0.0205005,0.05568,PERFECT
Ethernet,Nvidia Jetson,PPO (Standard),New York,0.49312,0.169827,0.662947,0.0195294,0.01472,PERFECT
Ethernet,Nvidia Jetson,PPO (Standard),Tokyo,0.49984,0.169827,0.669666,0.0197295,0.01472,PERFECT
Ethernet,Nvidia Jetson,Hybrid LSTM-PPO,Kuala Lumpur,0.548861,5.29104,5.8399,0.020641,0.7008,GOOD
Ethernet,Nvidia Jetson,Hybrid LSTM-PPO,New York,0.509181,5.29104,5.80022,0.0198087,0.65984,GOOD
Ethernet,Nvidia Jetson,Hybrid LSTM-PPO,Tokyo,0.513725,5.29104,5.80476,0.0209399,0.65984,GOOD
Ethernet,ESP32-S3,PID Control,Kuala Lumpur,0.513602,1.82141,2.33501,0.0193337,0.06592,PERFECT
Ethernet,ESP32-S3,PID Control,New York,0.484424,1.82141,2.30583,0.0209165,0.02496,PERFECT
Ethernet,ESP32-S3,PID Control,Tokyo,0.513527,1.82141,2.33493,0.0208431,0.02496,PERFECT
Ethernet,ESP32-S3,RBC (Rule-Based),Kuala Lumpur,0.493242,0.309643,0.802885,0.01969,0.05568,PERFECT
Ethernet,ESP32-S3,RBC (Rule-Based),New York,0.50102,0.309643,0.810663,0.0207145,0.01472,PERFECT
Ethernet,ESP32-S3,RBC (Rule-Based),Tokyo,0.490219,0.309643,0.799862,0.0193952,0.01472,PERFECT
Ethernet,ESP32-S3,DQN,Kuala Lumpur,0.531415,23.4847,24.0161,0.0199001,0.20928,PERFECT
Ethernet,ESP32-S3,DQN,New York,0.508779,23.4847,23.9935,0.0207992,0.16832,PERFECT
Ethernet,ESP32-S3,DQN,Tokyo,0.510668,23.4847,23.9954,0.0208423,0.16832,PERFECT
Ethernet,ESP32-S3,PPO (Standard),Kuala Lumpur,0.521337,8.49134,9.01268,0.0194754,0.05568,PERFECT
Ethernet,ESP32-S3,PPO (Standard),New York,0.490087,8.49134,8.98143,0.0194712,0.01472,PERFECT
Ethernet,ESP32-S3,PPO (Standard),Tokyo,0.522357,8.49134,9.0137,0.0205428,0.01472,PERFECT
Ethernet,ESP32-S3,Hybrid LSTM-PPO,Kuala Lumpur,0.539885,264.552,265.092,0.0197029,0.7008,GOOD
Ethernet,ESP32-S3,Hybrid LSTM-PPO,New York,0.51128,264.552,265.063,0.0205693,0.65984,GOOD
Ethernet,ESP32-S3,Hybrid LSTM-PPO,Tokyo,0.552896,264.552,265.105,0.0192352,0.65984,GOOD
WiFi5,Laptop (Ryzen 7),PID Control,Kuala Lumpur,5.15763,0.00728563,5.16491,1.46464,0.06592,GOOD
WiFi5,Laptop (Ryzen 7),PID Control,New York,5.08112,0.00728563,5.0884,1.5646,0.02496,GOOD
WiFi5,Laptop (Ryzen 7),PID Control,Tokyo,4.75656,0.00728563,4.76385,1.53466,0.02496,GOOD
WiFi5,Laptop (Ryzen 7),RBC (Rule-Based),Kuala Lumpur,5.08268,0.00123857,5.08392,1.49122,0.05568,GOOD
WiFi5,Laptop (Ryzen 7),RBC (Rule-Based),New York,4.98344,0.00123857,4.98467,1.55694,0.01472,GOOD
WiFi5,Laptop (Ryzen 7),RBC (Rule-Based),Tokyo,4.85009,0.00123857,4.85133,1.46948,0.01472,GOOD
WiFi5,Laptop (Ryzen 7),DQN,Kuala Lumpur,5.23083,0.0939387,5.32477,1.53975,0.20928,GOOD
WiFi5,Laptop (Ryzen 7),DQN,New York,4.77395,0.0939387,4.86789,1.49892,0.16832,GOOD
WiFi5,Laptop (Ryzen 7),DQN,Tokyo,4.80564,0.0939387,4.89958,1.47735,0.16832,GOOD
WiFi5,Laptop (Ryzen 7),PPO (Standard),Kuala Lumpur,4.82438,0.0339654,4.85835,1.51031,0.05568,GOOD
WiFi5,Laptop (Ryzen 7),PPO (Standard),New York,5.17948,0.0339654,5.21344,1.4575,0.01472,GOOD
WiFi5,Laptop (Ryzen 7),PPO (Standard),Tokyo,4.99071,0.0339654,5.02468,1.49549,0.01472,GOOD
WiFi5,Laptop (Ryzen 7),Hybrid LSTM-PPO,Kuala Lumpur,4.85106,1.05821,5.90927,1.45309,0.7008,GOOD
WiFi5,Laptop (Ryzen 7),Hybrid LSTM-PPO,New York,5.23595,1.05821,6.29416,1.55602,0.65984,GOOD
WiFi5,Laptop (Ryzen 7),Hybrid LSTM-PPO,Tokyo,4.99915,1.05821,6.05736,1.44899,0.65984,GOOD
WiFi5,Raspberry Pi 5,PID Control,Kuala Lumpur,4.96446,0.0874275,5.05189,1.44859,0.06592,GOOD
WiFi5,Raspberry Pi 5,PID Control,New York,5.19355,0.0874275,5.28097,1.55907,0.02496,GOOD
WiFi5,Raspberry Pi 5,PID Control,Tokyo,5.01089,0.0874275,5.09831,1.49012,0.02496,GOOD
WiFi5,Raspberry Pi 5,RBC (Rule-Based),Kuala Lumpur,5.23079,0.0148629,5.24565,1.44438,0.05568,GOOD
WiFi5,Raspberry Pi 5,RBC (Rule-Based),New York,5.15928,0.0148629,5.17414,1.42638,0.01472,GOOD
WiFi5,Raspberry Pi 5,RBC (Rule-Based),Tokyo,5.15032,0.0148629,5.16518,1.54995,0.01472,GOOD
WiFi5,Raspberry Pi 5,DQN,Kuala Lumpur,5.09653,1.12726,6.22379,1.47366,0.20928,GOOD
WiFi5,Raspberry Pi 5,DQN,New York,4.77638,1.12726,5.90364,1.50126,0.16832,GOOD
WiFi5,Raspberry Pi 5,DQN,Tokyo,4.88643,1.12726,6.01369,1.49381,0.16832,GOOD
WiFi5,Raspberry Pi 5,PPO (Standard),Kuala Lumpur,4.99679,0.407584,5.40437,1.52694,0.05568,GOOD
WiFi5,Raspberry Pi 5,PPO (Standard),New York,5.15746,0.407584,5.56505,1.55227,0.01472,GOOD
WiFi5,Raspberry Pi 5,PPO (Standard),Tokyo,4.89159,0.407584,5.29918,1.5716,0.01472,GOOD
WiFi5,Raspberry Pi 5,Hybrid LSTM-PPO,Kuala Lumpur,5.34,12.6985,18.0385,1.46048,0.7008,GOOD
WiFi5,Raspberry Pi 5,Hybrid LSTM-PPO,New York,4.86136,12.6985,17.5598,1.53757,0.65984,GOOD
WiFi5,Raspberry Pi 5,Hybrid LSTM-PPO,Tokyo,4.85293,12.6985,17.5514,1.44737,0.65984,GOOD
WiFi5,Raspberry Pi 4,PID Control,Kuala Lumpur,4.9325,0.203998,5.1365,1.46229,0.06592,GOOD
WiFi5,Raspberry Pi 4,PID Control,New York,4.93353,0.203998,5.13753,1.49891,0.02496,GOOD
WiFi5,Raspberry Pi 4,PID Control,Tokyo,5.22959,0.203998,5.43359,1.54277,0.02496,GOOD
WiFi5,Raspberry Pi 4,RBC (Rule-Based),Kuala Lumpur,4.86313,0.03468,4.89781,1.46952,0.05568,GOOD
WiFi5,Raspberry Pi 4,RBC (Rule-Based),New York,4.82824,0.03468,4.86292,1.4943,0.01472,GOOD
WiFi5,Raspberry Pi 4,RBC (Rule-Based),Tokyo,4.8621,0.03468,4.89678,1.54859,0.01472,GOOD
WiFi5,Raspberry Pi 4,DQN,Kuala Lumpur,5.21062,2.63028,7.8409,1.57249,0.20928,GOOD
WiFi5,Raspberry Pi 4,DQN,New York,4.77849,2.63028,7.40878,1.53886,0.16832,GOOD
WiFi5,Raspberry Pi 4,DQN,Tokyo,5.15604,2.63028,7.78632,1.52109,0.16832,GOOD
WiFi5,Raspberry Pi 4,PPO (Standard),Kuala Lumpur,4.9501,0.95103,5.90113,1.48152,0.05568,GOOD
WiFi5,Raspberry Pi 4,PPO (Standard),New York,4.97143,0.95103,5.92246,1.54545,0.01472,GOOD
WiFi5,Raspberry Pi 4,PPO (Standard),Tokyo,5.23766,0.95103,6.18869,1.5372,0.01472,GOOD
WiFi5,Raspberry Pi 4,Hybrid LSTM-PPO,Kuala Lumpur,5.10104,29.6298,34.7308,1.48656,0.7008,GOOD
WiFi5,Raspberry Pi 4,Hybrid LSTM-PPO,New York,5.02262,29.6298,34.6524,1.49398,0.65984,GOOD
WiFi5,Raspberry Pi 4,Hybrid LSTM-PPO,Tokyo,5.19584,29.6298,34.8256,1.45464,0.65984,GOOD
WiFi5,Nvidia Jetson,PID Control,Kuala Lumpur,4.92692,0.0364281,4.96335,1.50273,0.06592,GOOD
WiFi5,Nvidia Jetson,PID Control,New York,5.18641,0.0364281,5.22283,1.54132,0.02496,GOOD
WiFi5,Nvidia Jetson,PID Control,Tokyo,4.77631,0.0364281,4.81274,1.53443,0.02496,GOOD
WiFi5,Nvidia Jetson,RBC (Rule-Based),Kuala Lumpur,4.90729,0.00619286,4.91349,1.43328,0.05568,GOOD
WiFi5,Nvidia Jetson,RBC (Rule-Based),New York,4.99851,0.00619286,5.00471,1.52338,0.01472,GOOD
WiFi5,Nvidia Jetson,RBC (Rule-Based),Tokyo,5.16039,0.00619286,5.16658,1.48254,0.01472,GOOD
WiFi5,Nvidia Jetson,DQN,Kuala Lumpur,5.27695,0.469694,5.74665,1.44951,0.20928,GOOD
WiFi5,Nvidia Jetson,DQN,New York,4.95352,0.469694,5.42321,1.57394,0.16832,GOOD
WiFi5,Nvidia Jetson,DQN,Tokyo,4.94268,0.469694,5.41237,1.56083,0.16832,GOOD
WiFi5,Nvidia Jetson,PPO (Standard),Kuala Lumpur,5.03227,0.169827,5.20209,1.50016,0.05568,GOOD
WiFi5,Nvidia Jetson,PPO (Standard),New York,4.90539,0.169827,5.07521,1.55787,0.01472,GOOD
WiFi5,Nvidia Jetson,PPO (Standard),Tokyo,5.21413,0.169827,5.38396,1.52232,0.01472,GOOD
WiFi5,Nvidia Jetson,Hybrid LSTM-PPO,Kuala Lumpur,4.85193,5.29104,10.143,1.48267,0.66576,GOOD
WiFi5,Nvidia Jetson,Hybrid LSTM-PPO,New York,5.14735,5.29104,10.4384,1.56045,0.65984,GOOD
WiFi5,Nvidia Jetson,Hybrid LSTM-PPO,Tokyo,5.07797,5.29104,10.369,1.44659,0.65984,GOOD
WiFi5,ESP32-S3,PID Control,Kuala Lumpur,5.04677,1.82141,6.86818,1.43492,0.06592,PERFECT
WiFi5,ESP32-S3,PID Control,New York,5.17044,1.82141,6.99184,1.57053,0.02496,PERFECT
WiFi5,ESP32-S3,PID Control,Tokyo,4.76469,1.82141,6.5861,1.42513,0.02496,PERFECT
WiFi5,ESP32-S3,RBC (Rule-Based),Kuala Lumpur,5.1871,0.309643,5.49674,1.57227,0.05568,PERFECT
WiFi5,ESP32-S3,RBC (Rule-Based),New York,4.98868,0.309643,5.29833,1.47156,0.01472,PERFECT
WiFi5,ESP32-S3,RBC (Rule-Based),Tokyo,5.17582,0.309643,5.48547,1.52606,0.01472,PERFECT
WiFi5,ESP32-S3,DQN,Kuala Lumpur,4.81609,23.4847,28.3008,1.5194,0.20928,PERFECT
WiFi5,ESP32-S3,DQN,New York,4.96699,23.4847,28.4517,1.55825,0.16832,PERFECT
WiFi5,ESP32-S3,DQN,Tokyo,4.84629,23.4847,28.331,1.49958,0.16832,PERFECT
WiFi5,ESP32-S3,PPO (Standard),Kuala Lumpur,4.85016,8.49134,13.3415,1.57464,0.05568,PERFECT
WiFi5,ESP32-S3,PPO (Standard),New York,5.10583,8.49134,13.5972,1.47646,0.01472,PERFECT
WiFi5,ESP32-S3,PPO (Standard),Tokyo,5.19008,8.49134,13.6814,1.55294,0.01472,PERFECT
WiFi5,ESP32-S3,Hybrid LSTM-PPO,Kuala Lumpur,5.09198,264.552,269.644,1.55288,0.7008,GOOD
WiFi5,ESP32-S3,Hybrid LSTM-PPO,New York,4.86672,264.552,269.419,1.47211,0.65984,GOOD
WiFi5,ESP32-S3,Hybrid LSTM-PPO,Tokyo,4.85872,264.552,269.411,1.56585,0.65984,GOOD
WiFi6,Laptop (Ryzen 7),PID Control,Kuala Lumpur,2.86798,0.00728563,2.87526,0.78059,0.06592,GOOD
WiFi6,Laptop (Ryzen 7),PID Control,New York,3.08967,0.00728563,3.09696,0.798185,0.02496,GOOD
WiFi6,Laptop (Ryzen 7),PID Control,Tokyo,3.06889,0.00728563,3.07617,0.781099,0.02496,GOOD
WiFi6,Laptop (Ryzen 7),RBC (Rule-Based),Kuala Lumpur,3.0497,0.00123857,3.05094,0.830781,0.05568,GOOD
WiFi6,Laptop (Ryzen 7),RBC (Rule-Based),New York,3.14277,0.00123857,3.14401,0.813199,0.01472,GOOD
WiFi6,Laptop (Ryzen 7),RBC (Rule-Based),Tokyo,2.88026,0.00123857,2.8815,0.792077,0.01472,GOOD
WiFi6,Laptop (Ryzen 7),DQN,Kuala Lumpur,3.08743,0.0939387,3.18137,0.76097,0.20928,GOOD
WiFi6,Laptop (Ryzen 7),DQN,New York,2.99263,0.0939387,3.08657,0.801404,0.16832,GOOD
WiFi6,Laptop (Ryzen 7),DQN,Tokyo,3.06498,0.0939387,3.15892,0.817327,0.16832,GOOD
WiFi6,Laptop (Ryzen 7),PPO (Standard),Kuala Lumpur,2.96092,0.0339654,2.99489,0.803222,0.05568,GOOD
WiFi6,Laptop (Ryzen 7),PPO (Standard),New York,2.92674,0.0339654,2.9607,0.799501,0.01472,GOOD
WiFi6,Laptop (Ryzen 7),PPO (Standard),Tokyo,2.97038,0.0339654,3.00434,0.81561,0.01472,GOOD
WiFi6,Laptop (Ryzen 7),Hybrid LSTM-PPO,Kuala Lumpur,3.07021,1.05821,4.12841,0.795258,0.7008,GOOD
WiFi6,Laptop (Ryzen 7),Hybrid LSTM-PPO,New York,3.15199,1.05821,4.21019,0.823399,0.65984,GOOD
WiFi6,Laptop (Ryzen 7),Hybrid LSTM-PPO,Tokyo,2.92748,1.05821,3.98569,0.836873,0.65984,GOOD
WiFi6,Raspberry Pi 5,PID Control,Kuala Lumpur,3.11368,0.0874275,3.2011,0.812721,0.06592,GOOD
WiFi6,Raspberry Pi 5,PID Control,New York,3.05144,0.0874275,3.13887,0.767156,0.02496,GOOD
WiFi6,Raspberry Pi 5,PID Control,Tokyo,2.96034,0.0874275,3.04776,0.765121,0.02496,GOOD
WiFi6,Raspberry Pi 5,RBC (Rule-Based),Kuala Lumpur,3.04532,0.0148629,3.06018,0.790003,0.05568,GOOD
WiFi6,Raspberry Pi 5,RBC (Rule-Based),New York,2.98592,0.0148629,3.00078,0.829872,0.01472,GOOD
WiFi6,Raspberry Pi 5,RBC (Rule-Based),Tokyo,2.95992,0.0148629,2.97478,0.790174,0.01472,GOOD
WiFi6,Raspberry Pi 5,DQN,Kuala Lumpur,3.03347,1.12726,4.16074,0.82102,0.20928,GOOD
WiFi6,Raspberry Pi 5,DQN,New York,2.98481,1.12726,4.11207,0.785628,0.16832,GOOD
WiFi6,Raspberry Pi 5,DQN,Tokyo,2.9608,1.12726,4.08806,0.765575,0.16832,GOOD
WiFi6,Raspberry Pi 5,PPO (Standard),Kuala Lumpur,3.0837,0.407584,3.49129,0.78625,0.05568,GOOD
WiFi6,Raspberry Pi 5,PPO (Standard),New York,3.00889,0.407584,3.41648,0.767597,0.01472,GOOD
WiFi6,Raspberry Pi 5,PPO (Standard),Tokyo,2.89254,0.407584,3.30012,0.833474,0.01472,GOOD
WiFi6,Raspberry Pi 5,Hybrid LSTM-PPO,Kuala Lumpur,2.96423,12.6985,15.6627,0.827011,0.7008,GOOD
WiFi6,Raspberry Pi 5,Hybrid LSTM-PPO,New York,2.88611,12.6985,15.5846,0.761448,0.65984,GOOD
WiFi6,Raspberry Pi 5,Hybrid LSTM-PPO,Tokyo,2.97007,12.6985,15.6686,0.795252,0.65984,GOOD
WiFi6,Raspberry Pi 4,PID Control,Kuala Lumpur,3.04119,0.203998,3.24519,0.827733,0.06592,GOOD
WiFi6,Raspberry Pi 4,PID Control,New York,3.03304,0.203998,3.23704,0.79479,0.02496,GOOD
WiFi6,Raspberry Pi 4,PID Control,Tokyo,2.85171,0.203998,3.0557,0.78921,0.02496,GOOD
WiFi6,Raspberry Pi 4,RBC (Rule-Based),Kuala Lumpur,3.04504,0.03468,3.07972,0.811622,0.05568,GOOD
WiFi6,Raspberry Pi 4,RBC (Rule-Based),New York,2.90298,0.03468,2.93766,0.838494,0.01472,GOOD
WiFi6,Raspberry Pi 4,RBC (Rule-Based),Tokyo,3.01667,0.03468,3.05135,0.823539,0.01472,GOOD
WiFi6,Raspberry Pi 4,DQN,Kuala Lumpur,2.91019,2.63028,5.54047,0.825292,0.20928,GOOD
WiFi6,Raspberry Pi 4,DQN,New York,3.1334,2.63028,5.76369,0.772698,0.16832,GOOD
WiFi6,Raspberry Pi 4,DQN,Tokyo,2.91512,2.63028,5.54541,0.804225,0.16832,GOOD
WiFi6,Raspberry Pi 4,PPO (Standard),Kuala Lumpur,3.02932,0.95103,3.98035,0.80371,0.05568,GOOD
WiFi6,Raspberry Pi 4,PPO (Standard),New York,3.13328,0.95103,4.08431,0.798189,0.01472,GOOD
WiFi6,Raspberry Pi 4,PPO (Standard),Tokyo,3.02408,0.95103,3.97511,0.837471,0.01472,GOOD
WiFi6,Raspberry Pi 4,Hybrid LSTM-PPO,Kuala Lumpur,3.09018,29.6298,32.72,0.771638,0.7008,GOOD
WiFi6,Raspberry Pi 4,Hybrid LSTM-PPO,New York,3.13996,29.6298,32.7698,0.797738,0.65984,GOOD
WiFi6,Raspberry Pi 4,Hybrid LSTM-PPO,Tokyo,3.16983,29.6298,32.7996,0.775032,0.65984,GOOD
WiFi6,Nvidia Jetson,PID Control,Kuala Lumpur,2.94578,0.0364281,2.98221,0.808759,0.06592,GOOD
WiFi6,Nvidia Jetson,PID Control,New York,2.91782,0.0364281,2.95425,0.821582,0.02496,GOOD
WiFi6,Nvidia Jetson,PID Control,Tokyo,2.94457,0.0364281,2.981,0.829457,0.02496,GOOD
WiFi6,Nvidia Jetson,RBC (Rule-Based),Kuala Lumpur,2.8798,0.00619286,2.88599,0.815962,0.05568,GOOD
WiFi6,Nvidia Jetson,RBC (Rule-Based),New York,3.09053,0.00619286,3.09672,0.800444,0.01472,GOOD
WiFi6,Nvidia Jetson,RBC (Rule-Based),Tokyo,2.93569,0.00619286,2.94188,0.805405,0.01472,GOOD
WiFi6,Nvidia Jetson,DQN,Kuala Lumpur,2.87342,0.469694,3.34311,0.827385,0.20928,GOOD
WiFi6,Nvidia Jetson,DQN,New York,2.99945,0.469694,3.46914,0.829967,0.16832,GOOD
WiFi6,Nvidia Jetson,DQN,Tokyo,3.04975,0.469694,3.51945,0.778711,0.16832,GOOD
WiFi6,Nvidia Jetson,PPO (Standard),Kuala Lumpur,3.07116,0.169827,3.24099,0.835332,0.05568,GOOD
WiFi6,Nvidia Jetson,PPO (Standard),New York,2.87753,0.169827,3.04736,0.821515,0.01472,GOOD
WiFi6,Nvidia Jetson,PPO (Standard),Tokyo,3.10151,0.169827,3.27134,0.765298,0.01472,GOOD
WiFi6,Nvidia Jetson,Hybrid LSTM-PPO,Kuala Lumpur,3.04831,5.29104,8.33935,0.779434,0.7008,GOOD
WiFi6,Nvidia Jetson,Hybrid LSTM-PPO,New York,2.93818,5.29104,8.22922,0.80693,0.65984,GOOD
WiFi6,Nvidia Jetson,Hybrid LSTM-PPO,Tokyo,2.9951,5.29104,8.28614,0.776086,0.65984,GOOD
WiFi6,ESP32-S3,PID Control,Kuala Lumpur,2.95599,1.82141,4.77739,0.806452,0.06592,PERFECT
WiFi6,ESP32-S3,PID Control,New York,3.02925,1.82141,4.85065,0.788047,0.02496,PERFECT
WiFi6,ESP32-S3,PID Control,Tokyo,3.08648,1.82141,4.90788,0.816241,0.02496,PERFECT
WiFi6,ESP32-S3,RBC (Rule-Based),Kuala Lumpur,3.09982,0.309643,3.40947,0.796518,0.05568,PERFECT
WiFi6,ESP32-S3,RBC (Rule-Based),New York,3.09665,0.309643,3.40629,0.819003,0.01472,PERFECT
WiFi6,ESP32-S3,RBC (Rule-Based),Tokyo,2.98702,0.309643,3.29667,0.796183,0.01472,PERFECT
WiFi6,ESP32-S3,DQN,Kuala Lumpur,2.86476,23.4847,26.3494,0.839738,0.20928,PERFECT
WiFi6,ESP32-S3,DQN,New York,3.11583,23.4847,26.6005,0.780971,0.16832,PERFECT
WiFi6,ESP32-S3,DQN,Tokyo,2.9377,23.4847,26.4224,0.823689,0.16832,PERFECT
WiFi6,ESP32-S3,PPO (Standard),Kuala Lumpur,2.92832,8.49134,11.4197,0.802611,0.05568,PERFECT
WiFi6,ESP32-S3,PPO (Standard),New York,2.93861,8.49134,11.4299,0.773563,0.01472,PERFECT
WiFi6,ESP32-S3,PPO (Standard),Tokyo,3.04255,8.49134,11.5339,0.816753,0.01472,PERFECT
WiFi6,ESP32-S3,Hybrid LSTM-PPO,Kuala Lumpur,2.92892,264.552,267.481,0.777628,0.7008,GOOD
WiFi6,ESP32-S3,Hybrid LSTM-PPO,New York,3.0234,264.552,267.575,0.824605,0.65984,GOOD
WiFi6,ESP32-S3,Hybrid LSTM-PPO,Tokyo,3.08304,264.552,267.635,0.82378,0.65984,GOOD
WiFi7_Sim,Laptop (Ryzen 7),PID Control,Kuala Lumpur,1.04778,0.00728563,1.05507,0.298487,0.06592,PERFECT
WiFi7_Sim,Laptop (Ryzen 7),PID Control,New York,0.969457,0.00728563,0.976743,0.294943,0.02496,PERFECT
WiFi7_Sim,Laptop (Ryzen 7),PID Control,Tokyo,0.988781,0.00728563,0.996066,0.311791,0.02496,PERFECT
WiFi7_Sim,Laptop (Ryzen 7),RBC (Rule-Based),Kuala Lumpur,1.01483,0.00123857,1.01607,0.293354,0.05568,PERFECT
WiFi7_Sim,Laptop (Ryzen 7),RBC (Rule-Based),New York,0.95175,0.00123857,0.952988,0.300358,0.01472,PERFECT
WiFi7_Sim,Laptop (Ryzen 7),RBC (Rule-Based),Tokyo,1.02146,0.00123857,1.0227,0.302243,0.01472,PERFECT
WiFi7_Sim,Laptop (Ryzen 7),DQN,Kuala Lumpur,0.979476,0.0939387,1.07341,0.295823,0.20928,PERFECT
WiFi7_Sim,Laptop (Ryzen 7),DQN,New York,0.968648,0.0939387,1.06259,0.314196,0.16832,PERFECT
WiFi7_Sim,Laptop (Ryzen 7),DQN,Tokyo,1.02842,0.0939387,1.12235,0.302917,0.16832,PERFECT
WiFi7_Sim,Laptop (Ryzen 7),PPO (Standard),Kuala Lumpur,0.975927,0.0339654,1.00989,0.31142,0.05568,PERFECT
WiFi7_Sim,Laptop (Ryzen 7),PPO (Standard),New York,0.997776,0.0339654,1.03174,0.309769,0.01472,PERFECT
WiFi7_Sim,Laptop (Ryzen 7),PPO (Standard),Tokyo,1.03419,0.0339654,1.06816,0.306085,0.01472,PERFECT
WiFi7_Sim,Laptop (Ryzen 7),Hybrid LSTM-PPO,Kuala Lumpur,1.05097,1.05821,2.10918,0.314285,0.7008,GOOD
WiFi7_Sim,Laptop (Ryzen 7),Hybrid LSTM-PPO,New York,0.972565,1.05821,2.03077,0.290619,0.65984,GOOD
WiFi7_Sim,Laptop (Ryzen 7),Hybrid LSTM-PPO,Tokyo,1.04876,1.05821,2.10697,0.309229,0.65984,GOOD
WiFi7_Sim,Raspberry Pi 5,PID Control,Kuala Lumpur,1.0214,0.0874275,1.10883,0.285625,0.06592,PERFECT
WiFi7_Sim,Raspberry Pi 5,PID Control,New York,1.01136,0.0874275,1.09879,0.296775,0.02496,PERFECT
WiFi7_Sim,Raspberry Pi 5,PID Control,Tokyo,1.00302,0.0874275,1.09044,0.309827,0.02496,PERFECT
WiFi7_Sim,Raspberry Pi 5,RBC (Rule-Based),Kuala Lumpur,0.964445,0.0148629,0.979307,0.31096,0.05568,PERFECT
WiFi7_Sim,Raspberry Pi 5,RBC (Rule-Based),New York,1.00568,0.0148629,1.02054,0.295156,0.01472,PERFECT
WiFi7_Sim,Raspberry Pi 5,RBC (Rule-Based),Tokyo,1.04793,0.0148629,1.06279,0.293913,0.01472,PERFECT
WiFi7_Sim,Raspberry Pi 5,DQN,Kuala Lumpur,1.03285,1.12726,2.16011,0.302788,0.20928,GOOD
WiFi7_Sim,Raspberry Pi 5,DQN,New York,0.984837,1.12726,2.1121,0.293885,0.16832,GOOD
WiFi7_Sim,Raspberry Pi 5,DQN,Tokyo,0.9537,1.12726,2.08096,0.292058,0.16832,GOOD
WiFi7_Sim,Raspberry Pi 5,PPO (Standard),Kuala Lumpur,0.998264,0.407584,1.40585,0.306496,0.05568,PERFECT
WiFi7_Sim,Raspberry Pi 5,PPO (Standard),New York,1.04452,0.407584,1.4521,0.307173,0.01472,PERFECT
WiFi7_Sim,Raspberry Pi 5,PPO (Standard),Tokyo,1.01127,0.407584,1.41886,0.301405,0.01472,PERFECT
WiFi7_Sim,Raspberry Pi 5,Hybrid LSTM-PPO,Kuala Lumpur,1.04106,12.6985,13.7395,0.309602,0.7008,GOOD
WiFi7_Sim,Raspberry Pi 5,Hybrid LSTM-PPO,New York,1.03219,12.6985,13.7307,0.289231,0.65984,GOOD
WiFi7_Sim,Raspberry Pi 5,Hybrid LSTM-PPO,Tokyo,1.03697,12.6985,13.7355,0.295664,0.65984,GOOD
WiFi7_Sim,Raspberry Pi 4,PID Control,Kuala Lumpur,1.03749,0.203998,1.24148,0.299122,0.06592,PERFECT
WiFi7_Sim,Raspberry Pi 4,PID Control,New York,0.959527,0.203998,1.16352,0.286127,0.02496,PERFECT
WiFi7_Sim,Raspberry Pi 4,PID Control,Tokyo,1.04546,0.203998,1.24946,0.312621,0.02496,PERFECT
WiFi7_Sim,Raspberry Pi 4,RBC (Rule-Based),Kuala Lumpur,1.03674,0.03468,1.07142,0.310794,0.05568,PERFECT
WiFi7_Sim,Raspberry Pi 4,RBC (Rule-Based),New York,0.965885,0.03468,1.00056,0.299705,0.01472,PERFECT
WiFi7_Sim,Raspberry Pi 4,RBC (Rule-Based),Tokyo,0.960642,0.03468,0.995322,0.31218,0.01472,PERFECT
WiFi7_Sim,Raspberry Pi 4,DQN,Kuala Lumpur,1.01338,2.63028,3.64366,0.297028,0.20928,GOOD
WiFi7_Sim,Raspberry Pi 4,DQN,New York,1.03837,2.63028,3.66866,0.294682,0.16832,GOOD
WiFi7_Sim,Raspberry Pi 4,DQN,Tokyo,1.02343,2.63028,3.65372,0.297584,0.16832,GOOD
WiFi7_Sim,Raspberry Pi 4,PPO (Standard),Kuala Lumpur,0.958054,0.95103,1.90908,0.30571,0.05568,PERFECT
WiFi7_Sim,Raspberry Pi 4,PPO (Standard),New York,1.04498,0.95103,1.99601,0.305557,0.01472,PERFECT
WiFi7_Sim,Raspberry Pi 4,PPO (Standard),Tokyo,0.998948,0.95103,1.94998,0.286425,0.01472,PERFECT
WiFi7_Sim,Raspberry Pi 4,Hybrid LSTM-PPO,Kuala Lumpur,1.03704,29.6298,30.6668,0.291513,0.7008,GOOD
WiFi7_Sim,Raspberry Pi 4,Hybrid LSTM-PPO,New York,0.964769,29.6298,30.5946,0.300364,0.65984,GOOD
WiFi7_Sim,Raspberry Pi 4,Hybrid LSTM-PPO,Tokyo,1.05595,29.6298,30.6858,0.302169,0.65984,GOOD
WiFi7_Sim,Nvidia Jetson,PID Control,Kuala Lumpur,1.03674,0.0364281,1.07317,0.286834,0.06592,PERFECT
WiFi7_Sim,Nvidia Jetson,PID Control,New York,1.01589,0.0364281,1.05232,0.295782,0.02496,PERFECT
WiFi7_Sim,Nvidia Jetson,PID Control,Tokyo,1.00172,0.0364281,1.03814,0.310187,0.02496,PERFECT
WiFi7_Sim,Nvidia Jetson,RBC (Rule-Based),Kuala Lumpur,0.960351,0.00619286,0.966544,0.3016,0.05568,PERFECT
WiFi7_Sim,Nvidia Jetson,RBC (Rule-Based),New York,1.03911,0.00619286,1.0453,0.301866,0.01472,PERFECT
WiFi7_Sim,Nvidia Jetson,RBC (Rule-Based),Tokyo,0.977599,0.00619286,0.983792,0.294202,0.01472,PERFECT
WiFi7_Sim,Nvidia Jetson,DQN,Kuala Lumpur,0.966271,0.469694,1.43596,0.310285,0.20928,PERFECT
WiFi7_Sim,Nvidia Jetson,DQN,New York,1.01069,0.469694,1.48039,0.311976,0.16832,PERFECT
WiFi7_Sim,Nvidia Jetson,DQN,Tokyo,0.953523,0.469694,1.42322,0.29332,0.16832,PERFECT
WiFi7_Sim,Nvidia Jetson,PPO (Standard),Kuala Lumpur,1.04487,0.169827,1.21469,0.294974,0.05568,PERFECT
WiFi7_Sim,Nvidia Jetson,PPO (Standard),New York,0.978999,0.169827,1.14883,0.30346,0.01472,PERFECT
WiFi7_Sim,Nvidia Jetson,PPO (Standard),Tokyo,0.961505,0.169827,1.13133,0.304122,0.01472,PERFECT
WiFi7_Sim,Nvidia Jetson,Hybrid LSTM-PPO,Kuala Lumpur,1.02485,5.29104,6.31589,0.29708,0.7008,GOOD
WiFi7_Sim,Nvidia Jetson,Hybrid LSTM-PPO,New York,1.01472,5.29104,6.30576,0.295703,0.65984,GOOD
WiFi7_Sim,Nvidia Jetson,Hybrid LSTM-PPO,Tokyo,1.05007,5.29104,6.3411,0.297231,0.65984,GOOD
WiFi7_Sim,ESP32-S3,PID Control,Kuala Lumpur,1.00341,1.82141,2.82482,0.287736,0.06592,PERFECT
WiFi7_Sim,ESP32-S3,PID Control,New York,1.03067,1.82141,2.85208,0.297891,0.02496,PERFECT
WiFi7_Sim,ESP32-S3,PID Control,Tokyo,0.958515,1.82141,2.77992,0.285518,0.02496,PERFECT
WiFi7_Sim,ESP32-S3,RBC (Rule-Based),Kuala Lumpur,1.04228,0.309643,1.35192,0.311529,0.05568,PERFECT
WiFi7_Sim,ESP32-S3,RBC (Rule-Based),New York,1.03105,0.309643,1.34069,0.308603,0.01472,PERFECT
WiFi7_Sim,ESP32-S3,RBC (Rule-Based),Tokyo,1.00085,0.309643,1.31049,0.2969,0.01472,PERFECT
WiFi7_Sim,ESP32-S3,DQN,Kuala Lumpur,1.032,23.4847,24.5167,0.304839,0.20928,PERFECT
WiFi7_Sim,ESP32-S3,DQN,New York,0.953419,23.4847,24.4381,0.294486,0.16832,PERFECT
WiFi7_Sim,ESP32-S3,DQN,Tokyo,1.04231,23.4847,24.527,0.291369,0.16832,PERFECT
WiFi7_Sim,ESP32-S3,PPO (Standard),Kuala Lumpur,0.985431,8.49134,9.47677,0.301087,0.05568,PERFECT
WiFi7_Sim,ESP32-S3,PPO (Standard),New York,0.998896,8.49134,9.49024,0.308949,0.01472,PERFECT
WiFi7_Sim,ESP32-S3,PPO (Standard),Tokyo,1.04974,8.49134,9.54108,0.304635,0.01472,PERFECT
WiFi7_Sim,ESP32-S3,Hybrid LSTM-PPO,Kuala Lumpur,0.996815,264.552,265.549,0.299747,0.7008,GOOD
WiFi7_Sim,ESP32-S3,Hybrid LSTM-PPO,New York,1.02618,264.552,265.578,0.308145,0.65984,GOOD
WiFi7_Sim,ESP32-S3,Hybrid LSTM-PPO,Tokyo,0.988617,264.552,265.54,0.311276,0.65984,GOOD
4G_LTE,Laptop (Ryzen 7),PID Control,Kuala Lumpur,19.7176,0.00728563,19.7249,3.54449,0.06592,GOOD
4G_LTE,Laptop (Ryzen 7),PID Control,New York,20.9348,0.00728563,20.9421,3.35539,0.02496,GOOD
4G_LTE,Laptop (Ryzen 7),PID Control,Tokyo,19.8308,0.00728563,19.8381,3.42522,0.02496,GOOD
4G_LTE,Laptop (Ryzen 7),RBC (Rule-Based),Kuala Lumpur,19.3902,0.00123857,19.3914,3.53389,0.052896,GOOD
4G_LTE,Laptop (Ryzen 7),RBC (Rule-Based),New York,19.5203,0.00123857,19.5215,3.56103,0.01472,GOOD
4G_LTE,Laptop (Ryzen 7),RBC (Rule-Based),Tokyo,20.891,0.00123857,20.8922,3.40965,0.01472,GOOD
4G_LTE,Laptop (Ryzen 7),DQN,Kuala Lumpur,20.8559,0.0939387,20.9498,3.42889,0.20928,GOOD
4G_LTE,Laptop (Ryzen 7),DQN,New York,19.4121,0.0939387,19.5061,3.5103,0.16832,GOOD
4G_LTE,Laptop (Ryzen 7),DQN,Tokyo,19.453,0.0939387,19.547,3.3584,0.16832,GOOD
4G_LTE,Laptop (Ryzen 7),PPO (Standard),Kuala Lumpur,20.3461,0.0339654,20.38,3.5297,0.05568,GOOD
4G_LTE,Laptop (Ryzen 7),PPO (Standard),New York,19.071,0.0339654,19.1049,3.40994,0.01472,GOOD
4G_LTE,Laptop (Ryzen 7),PPO (Standard),Tokyo,19.8303,0.0339654,19.8643,3.51964,0.01472,GOOD
4G_LTE,Laptop (Ryzen 7),Hybrid LSTM-PPO,Kuala Lumpur,20.43,1.05821,21.4882,3.62134,0.7008,GOOD
4G_LTE,Laptop (Ryzen 7),Hybrid LSTM-PPO,New York,21.6397,1.05821,22.6979,3.39542,0.65984,GOOD
4G_LTE,Laptop (Ryzen 7),Hybrid LSTM-PPO,Tokyo,20.36,1.05821,21.4182,3.55561,0.65984,GOOD
4G_LTE,Raspberry Pi 5,PID Control,Kuala Lumpur,19.2139,0.0874275,19.3013,3.33831,0.06592,GOOD
4G_LTE,Raspberry Pi 5,PID Control,New York,20.1177,0.0874275,20.2052,3.41139,0.02496,GOOD
4G_LTE,Raspberry Pi 5,PID Control,Tokyo,19.3906,0.0874275,19.478,3.51122,0.02496,GOOD
4G_LTE,Raspberry Pi 5,RBC (Rule-Based),Kuala Lumpur,20.5051,0.0148629,20.5199,3.46796,0.05568,GOOD
4G_LTE,Raspberry Pi 5,RBC (Rule-Based),New York,20.0422,0.0148629,20.0571,3.43163,0.01472,GOOD
4G_LTE,Raspberry Pi 5,RBC (Rule-Based),Tokyo,20.3796,0.0148629,20.3944,3.63103,0.01472,GOOD
4G_LTE,Raspberry Pi 5,DQN,Kuala Lumpur,20.8972,1.12726,22.0245,3.40419,0.20928,GOOD
4G_LTE,Raspberry Pi 5,DQN,New York,20.8378,1.12726,21.9651,3.49899,0.16832,GOOD
4G_LTE,Raspberry Pi 5,DQN,Tokyo,20.3383,1.12726,21.4656,3.3521,0.16832,GOOD
4G_LTE,Raspberry Pi 5,PPO (Standard),Kuala Lumpur,20.9293,0.407584,21.3369,3.5805,0.05568,GOOD
4G_LTE,Raspberry Pi 5,PPO (Standard),New York,19.7274,0.407584,20.135,3.34385,0.01472,GOOD
4G_LTE,Raspberry Pi 5,PPO (Standard),Tokyo,19.1135,0.407584,19.5211,3.38939,0.01472,GOOD
4G_LTE,Raspberry Pi 5,Hybrid LSTM-PPO,Kuala Lumpur,19.8329,12.6985,32.5314,3.4061,0.7008,GOOD
4G_LTE,Raspberry Pi 5,Hybrid LSTM-PPO,New York,21.3173,12.6985,34.0158,3.61131,0.593856,GOOD
4G_LTE,Raspberry Pi 5,Hybrid LSTM-PPO,Tokyo,20.5013,12.6985,33.1998,3.66369,0.65984,GOOD
4G_LTE,Raspberry Pi 4,PID Control,Kuala Lumpur,20.3169,0.203998,20.5209,3.52701,0.06592,GOOD
4G_LTE,Raspberry Pi 4,PID Control,New York,19.1596,0.203998,19.3636,3.47154,0.02496,GOOD
4G_LTE,Raspberry Pi 4,PID Control,Tokyo,20.7408,0.203998,20.9448,3.55609,0.02496,GOOD
4G_LTE,Raspberry Pi 4,RBC (Rule-Based),Kuala Lumpur,19.1785,0.03468,19.2131,3.63649,0.05568,GOOD
4G_LTE,Raspberry Pi 4,RBC (Rule-Based),New York,19.7591,0.03468,19.7938,3.54709,0.01472,GOOD
4G_LTE,Raspberry Pi 4,RBC (Rule-Based),Tokyo,19.1719,0.03468,19.2066,3.36762,0.01472,GOOD
4G_LTE,Raspberry Pi 4,DQN,Kuala Lumpur,20.6178,2.63028,23.248,3.66765,0.20928,GOOD
4G_LTE,Raspberry Pi 4,DQN,New York,20.2594,2.63028,22.8897,3.36674,0.16832,GOOD
4G_LTE,Raspberry Pi 4,DQN,Tokyo,20.8577,2.63028,23.488,3.3397,0.16832,GOOD
4G_LTE,Raspberry Pi 4,PPO (Standard),Kuala Lumpur,20.237,0.95103,21.188,3.55088,0.05568,GOOD
4G_LTE,Raspberry Pi 4,PPO (Standard),New York,19.5662,0.95103,20.5172,3.38688,0.01472,GOOD
4G_LTE,Raspberry Pi 4,PPO (Standard),Tokyo,20.7495,0.95103,21.7005,3.33038,0.01472,GOOD
4G_LTE,Raspberry Pi 4,Hybrid LSTM-PPO,Kuala Lumpur,21.5693,29.6298,51.1991,3.48151,0.7008,GOOD
4G_LTE,Raspberry Pi 4,Hybrid LSTM-PPO,New York,20.0397,29.6298,49.6695,3.39003,0.65984,GOOD
4G_LTE,Raspberry Pi 4,Hybrid LSTM-PPO,Tokyo,21.1281,29.6298,50.7579,3.50781,0.65984,GOOD
4G_LTE,Nvidia Jetson,PID Control,Kuala Lumpur,19.0708,0.0364281,19.1072,3.44761,0.062624,GOOD
4G_LTE,Nvidia Jetson,PID Control,New York,20.5523,0.0364281,20.5887,3.44298,0.02496,GOOD
4G_LTE,Nvidia Jetson,PID Control,Tokyo,20.2676,0.0364281,20.304,3.67258,0.02496,GOOD
4G_LTE,Nvidia Jetson,RBC (Rule-Based),Kuala Lumpur,19.4056,0.00619286,19.4118,3.63578,0.05568,GOOD
4G_LTE,Nvidia Jetson,RBC (Rule-Based),New York,19.6983,0.00619286,19.7045,3.6198,0.01472,GOOD
4G_LTE,Nvidia Jetson,RBC (Rule-Based),Tokyo,19.9537,0.00619286,19.9599,3.66232,0.01472,GOOD
4G_LTE,Nvidia Jetson,DQN,Kuala Lumpur,19.5052,0.469694,19.9749,3.60304,0.20928,GOOD
4G_LTE,Nvidia Jetson,DQN,New York,20.4179,0.469694,20.8876,3.65966,0.16832,GOOD
4G_LTE,Nvidia Jetson,DQN,Tokyo,20.6757,0.469694,21.1454,3.65485,0.16832,GOOD
4G_LTE,Nvidia Jetson,PPO (Standard),Kuala Lumpur,20.6617,0.169827,20.8316,3.62694,0.05568,GOOD
4G_LTE,Nvidia Jetson,PPO (Standard),New York,20.7552,0.169827,20.925,3.47648,0.01472,GOOD
4G_LTE,Nvidia Jetson,PPO (Standard),Tokyo,20.5189,0.169827,20.6887,3.53458,0.01472,GOOD
4G_LTE,Nvidia Jetson,Hybrid LSTM-PPO,Kuala Lumpur,21.398,5.29104,26.689,3.61529,0.7008,GOOD
4G_LTE,Nvidia Jetson,Hybrid LSTM-PPO,New York,21.027,5.29104,26.318,3.62858,0.65984,GOOD
4G_LTE,Nvidia Jetson,Hybrid LSTM-PPO,Tokyo,19.6865,5.29104,24.9775,3.38041,0.65984,GOOD
4G_LTE,ESP32-S3,PID Control,Kuala Lumpur,19.9462,1.82141,21.7676,3.49056,0.06592,PERFECT
4G_LTE,ESP32-S3,PID Control,New York,20.2444,1.82141,22.0658,3.6061,0.02496,PERFECT
4G_LTE,ESP32-S3,PID Control,Tokyo,19.1293,1.82141,20.9507,3.43698,0.02496,PERFECT
4G_LTE,ESP32-S3,RBC (Rule-Based),Kuala Lumpur,19.9517,0.309643,20.2613,3.37678,0.05568,PERFECT
4G_LTE,ESP32-S3,RBC (Rule-Based),New York,20.8541,0.309643,21.1637,3.62977,0.01472,PERFECT
4G_LTE,ESP32-S3,RBC (Rule-Based),Tokyo,19.4283,0.309643,19.7379,3.59302,0.01472,PERFECT
4G_LTE,ESP32-S3,DQN,Kuala Lumpur,19.8937,23.4847,43.3784,3.50205,0.20928,GOOD
4G_LTE,ESP32-S3,DQN,New York,20.1057,23.4847,43.5904,3.45203,0.16832,GOOD
4G_LTE,ESP32-S3,DQN,Tokyo,19.2234,23.4847,42.7081,3.33109,0.16832,GOOD
4G_LTE,ESP32-S3,PPO (Standard),Kuala Lumpur,19.3995,8.49134,27.8908,3.5451,0.05568,PERFECT
4G_LTE,ESP32-S3,PPO (Standard),New York,20.7628,8.49134,29.2541,3.59533,0.01472,PERFECT
4G_LTE,ESP32-S3,PPO (Standard),Tokyo,20.2378,8.49134,28.7291,3.52474,0.013984,PERFECT
4G_LTE,ESP32-S3,Hybrid LSTM-PPO,Kuala Lumpur,21.3256,264.552,285.877,3.52413,0.7008,GOOD
4G_LTE,ESP32-S3,Hybrid LSTM-PPO,New York,20.0978,264.552,284.65,3.49558,0.65984,GOOD
4G_LTE,ESP32-S3,Hybrid LSTM-PPO,Tokyo,20.4251,264.552,284.977,3.36987,0.65984,GOOD
5G,Laptop (Ryzen 7),PID Control,Kuala Lumpur,0.999669,0.00728563,1.00695,0.100978,0.06592,PERFECT
5G,Laptop (Ryzen 7),PID Control,New York,1.02836,0.00728563,1.03565,0.100553,0.02496,PERFECT
5G,Laptop (Ryzen 7),PID Control,Tokyo,0.98148,0.00728563,0.988766,0.0978832,0.02496,PERFECT
5G,Laptop (Ryzen 7),RBC (Rule-Based),Kuala Lumpur,1.01834,0.00123857,1.01958,0.0978579,0.05568,PERFECT
5G,Laptop (Ryzen 7),RBC (Rule-Based),New York,1.02241,0.00123857,1.02365,0.0963857,0.01472,PERFECT
5G,Laptop (Ryzen 7),RBC (Rule-Based),Tokyo,1.03136,0.00123857,1.0326,0.0966416,0.01472,PERFECT
5G,Laptop (Ryzen 7),DQN,Kuala Lumpur,1.00264,0.0939387,1.09658,0.101079,0.20928,PERFECT
5G,Laptop (Ryzen 7),DQN,New York,1.01956,0.0939387,1.1135,0.100179,0.16832,PERFECT
5G,Laptop (Ryzen 7),DQN,Tokyo,1.04858,0.0939387,1.14251,0.0961809,0.16832,PERFECT
5G,Laptop (Ryzen 7),PPO (Standard),Kuala Lumpur,1.04123,0.0339654,1.07519,0.0990066,0.05568,PERFECT
5G,Laptop (Ryzen 7),PPO (Standard),New York,1.00359,0.0339654,1.03755,0.102893,0.01472,PERFECT
5G,Laptop (Ryzen 7),PPO (Standard),Tokyo,0.95459,0.0339654,0.988556,0.0975561,0.01472,PERFECT
5G,Laptop (Ryzen 7),Hybrid LSTM-PPO,Kuala Lumpur,1.04673,1.05821,2.10494,0.101505,0.7008,GOOD
5G,Laptop (Ryzen 7),Hybrid LSTM-PPO,New York,1.04505,1.05821,2.10326,0.100744,0.65984,GOOD
5G,Laptop (Ryzen 7),Hybrid LSTM-PPO,Tokyo,0.982645,1.05821,2.04085,0.101814,0.65984,GOOD
5G,Raspberry Pi 5,PID Control,Kuala Lumpur,0.982988,0.0874275,1.07042,0.103779,0.06592,PERFECT
5G,Raspberry Pi 5,PID Control,New York,0.965534,0.0874275,1.05296,0.10218,0.02496,PERFECT
5G,Raspberry Pi 5,PID Control,Tokyo,0.978032,0.0874275,1.06546,0.100429,0.02496,PERFECT
5G,Raspberry Pi 5,RBC (Rule-Based),Kuala Lumpur,1.03613,0.0148629,1.05099,0.0990715,0.05568,PERFECT
5G,Raspberry Pi 5,RBC (Rule-Based),New York,0.961194,0.0148629,0.976057,0.103089,0.01472,PERFECT
5G,Raspberry Pi 5,RBC (Rule-Based),Tokyo,0.979913,0.0148629,0.994776,0.0957723,0.01472,PERFECT
5G,Raspberry Pi 5,DQN,Kuala Lumpur,0.964898,1.12726,2.09216,0.102296,0.20928,GOOD
5G,Raspberry Pi 5,DQN,New York,0.973458,1.12726,2.10072,0.103641,0.16832,GOOD
5G,Raspberry Pi 5,DQN,Tokyo,0.962805,1.12726,2.09007,0.101439,0.16832,GOOD
5G,Raspberry Pi 5,PPO (Standard),Kuala Lumpur,1.03196,0.407584,1.43955,0.097354,0.05568,PERFECT
5G,Raspberry Pi 5,PPO (Standard),New York,0.98408,0.407584,1.39166,0.103878,0.01472,PERFECT
5G,Raspberry Pi 5,PPO (Standard),Tokyo,0.967498,0.407584,1.37508,0.10462,0.01472,PERFECT
5G,Raspberry Pi 5,Hybrid LSTM-PPO,Kuala Lumpur,1.01439,12.6985,13.7129,0.0952733,0.7008,GOOD
5G,Raspberry Pi 5,Hybrid LSTM-PPO,New York,1.0346,12.6985,13.7331,0.102383,0.65984,GOOD
5G,Raspberry Pi 5,Hybrid LSTM-PPO,Tokyo,0.977694,12.6985,13.6762,0.104123,0.65984,GOOD
5G,Raspberry Pi 4,PID Control,Kuala Lumpur,0.967596,0.203998,1.17159,0.0988538,0.06592,PERFECT
5G,Raspberry Pi 4,PID Control,New York,1.00801,0.203998,1.21201,0.102877,0.02496,PERFECT
5G,Raspberry Pi 4,PID Control,Tokyo,1.03328,0.203998,1.23728,0.103232,0.02496,PERFECT
5G,Raspberry Pi 4,RBC (Rule-Based),Kuala Lumpur,1.0405,0.03468,1.07518,0.0978359,0.05568,PERFECT
5G,Raspberry Pi 4,RBC (Rule-Based),New York,1.02616,0.03468,1.06084,0.102513,0.01472,PERFECT
5G,Raspberry Pi 4,RBC (Rule-Based),Tokyo,0.959415,0.03468,0.994095,0.0961769,0.01472,PERFECT
5G,Raspberry Pi 4,DQN,Kuala Lumpur,0.955127,2.63028,3.58541,0.10276,0.20928,GOOD
5G,Raspberry Pi 4,DQN,New York,0.997992,2.63028,3.62828,0.0968029,0.16832,GOOD
5G,Raspberry Pi 4,DQN,Tokyo,1.01709,2.63028,3.64738,0.104006,0.16832,GOOD
5G,Raspberry Pi 4,PPO (Standard),Kuala Lumpur,1.0351,0.95103,1.98613,0.0986815,0.05568,PERFECT
5G,Raspberry Pi 4,PPO (Standard),New York,0.970687,0.95103,1.92172,0.102392,0.01472,PERFECT
5G,Raspberry Pi 4,PPO (Standard),Tokyo,0.984809,0.95103,1.93584,0.0974572,0.01472,PERFECT
5G,Raspberry Pi 4,Hybrid LSTM-PPO,Kuala Lumpur,1.03434,29.6298,30.6641,0.0977986,0.7008,GOOD
5G,Raspberry Pi 4,Hybrid LSTM-PPO,New York,1.05058,29.6298,30.6804,0.0950844,0.65984,GOOD
5G,Raspberry Pi 4,Hybrid LSTM-PPO,Tokyo,1.0226,29.6298,30.6524,0.100532,0.65984,GOOD
5G,Nvidia Jetson,PID Control,Kuala Lumpur,0.954919,0.0364281,0.991347,0.103973,0.06592,PERFECT
5G,Nvidia Jetson,PID Control,New York,0.983153,0.0364281,1.01958,0.104383,0.02496,PERFECT
5G,Nvidia Jetson,PID Control,Tokyo,1.0184,0.0364281,1.05483,0.0961263,0.02496,PERFECT
5G,Nvidia Jetson,RBC (Rule-Based),Kuala Lumpur,1.00866,0.00619286,1.01485,0.100699,0.05568,PERFECT
5G,Nvidia Jetson,RBC (Rule-Based),New York,0.995817,0.00619286,1.00201,0.103409,0.01472,PERFECT
5G,Nvidia Jetson,RBC (Rule-Based),Tokyo,0.955775,0.00619286,0.961967,0.0950564,0.01472,PERFECT
5G,Nvidia Jetson,DQN,Kuala Lumpur,1.02587,0.469694,1.49556,0.0977638,0.20928,PERFECT
5G,Nvidia Jetson,DQN,New York,1.04498,0.469694,1.51467,0.0997114,0.16832,PERFECT
5G,Nvidia Jetson,DQN,Tokyo,0.96517,0.469694,1.43486,0.100161,0.16832,PERFECT
5G,Nvidia Jetson,PPO (Standard),Kuala Lumpur,1.03796,0.169827,1.20779,0.0973231,0.05568,PERFECT
5G,Nvidia Jetson,PPO (Standard),New York,0.988418,0.169827,1.15825,0.104795,0.01472,PERFECT
5G,Nvidia Jetson,PPO (Standard),Tokyo,1.03935,0.169827,1.20918,0.0962614,0.01472,PERFECT
5G,Nvidia Jetson,Hybrid LSTM-PPO,Kuala Lumpur,0.958495,5.29104,6.24953,0.0974308,0.7008,GOOD
5G,Nvidia Jetson,Hybrid LSTM-PPO,New York,0.961684,5.29104,6.25272,0.104831,0.65984,GOOD
5G,Nvidia Jetson,Hybrid LSTM-PPO,Tokyo,0.993301,5.29104,6.28434,0.104223,0.65984,GOOD
5G,ESP32-S3,PID Control,Kuala Lumpur,0.981064,1.82141,2.80247,0.10061,0.06592,PERFECT
5G,ESP32-S3,PID Control,New York,1.03478,1.82141,2.85619,0.101602,0.02496,PERFECT
5G,ESP32-S3,PID Control,Tokyo,1.00677,1.82141,2.82818,0.098039,0.02496,PERFECT
5G,ESP32-S3,RBC (Rule-Based),Kuala Lumpur,0.994336,0.309643,1.30398,0.103985,0.05568,PERFECT
5G,ESP32-S3,RBC (Rule-Based),New York,0.973869,0.309643,1.28351,0.0982334,0.01472,PERFECT
5G,ESP32-S3,RBC (Rule-Based),Tokyo,0.969971,0.309643,1.27961,0.095607,0.01472,PERFECT
5G,ESP32-S3,DQN,Kuala Lumpur,1.01596,23.4847,24.5006,0.0978551,0.20928,PERFECT
5G,ESP32-S3,DQN,New York,0.996331,23.4847,24.481,0.0953255,0.16832,PERFECT
5G,ESP32-S3,DQN,Tokyo,1.02503,23.4847,24.5097,0.103419,0.16832,PERFECT
5G,ESP32-S3,PPO (Standard),Kuala Lumpur,1.04916,8.49134,9.5405,0.0958135,0.05568,PERFECT
5G,ESP32-S3,PPO (Standard),New York,0.955046,8.49134,9.44639,0.102515,0.01472,PERFECT
5G,ESP32-S3,PPO (Standard),Tokyo,1.01355,8.49134,9.50489,0.103568,0.01472,PERFECT
5G,ESP32-S3,Hybrid LSTM-PPO,Kuala Lumpur,0.977351,264.552,265.529,0.0981779,0.7008,GOOD
5G,ESP32-S3,Hybrid LSTM-PPO,New York,0.958741,264.552,265.511,0.101643,0.65984,GOOD
5G,ESP32-S3,Hybrid LSTM-PPO,Tokyo,1.02119,264.552,265.573,0.100523,0.65984,GOOD
6G_Sim,Laptop (Ryzen 7),PID Control,Kuala Lumpur,0.0999084,0.00728563,0.107194,0.0103858,0.06592,PERFECT
6G_Sim,Laptop (Ryzen 7),PID Control,New York,0.10075,0.00728563,0.108036,0.010071,0.02496,PERFECT
6G_Sim,Laptop (Ryzen 7),PID Control,Tokyo,0.0967457,0.00728563,0.104031,0.0103002,0.02496,PERFECT
6G_Sim,Laptop (Ryzen 7),RBC (Rule-Based),Kuala Lumpur,0.098451,0.00123857,0.0996895,0.0101633,0.05568,PERFECT
6G_Sim,Laptop (Ryzen 7),RBC (Rule-Based),New York,0.103975,0.00123857,0.105214,0.00973237,0.01472,PERFECT
6G_Sim,Laptop (Ryzen 7),RBC (Rule-Based),Tokyo,0.102156,0.00123857,0.103395,0.0104054,0.01472,PERFECT
6G_Sim,Laptop (Ryzen 7),DQN,Kuala Lumpur,0.103537,0.0939387,0.197476,0.010093,0.20928,PERFECT
6G_Sim,Laptop (Ryzen 7),DQN,New York,0.100907,0.0939387,0.194846,0.0100023,0.16832,PERFECT
6G_Sim,Laptop (Ryzen 7),DQN,Tokyo,0.101381,0.0939387,0.195319,0.0104911,0.16832,PERFECT
6G_Sim,Laptop (Ryzen 7),PPO (Standard),Kuala Lumpur,0.0953417,0.0339654,0.129307,0.0102283,0.05568,PERFECT
6G_Sim,Laptop (Ryzen 7),PPO (Standard),New York,0.100465,0.0339654,0.13443,0.0102769,0.01472,PERFECT
6G_Sim,Laptop (Ryzen 7),PPO (Standard),Tokyo,0.104818,0.0339654,0.138783,0.0102301,0.01472,PERFECT
6G_Sim,Laptop (Ryzen 7),Hybrid LSTM-PPO,Kuala Lumpur,0.0959799,1.05821,1.15419,0.00993031,0.7008,PERFECT
6G_Sim,Laptop (Ryzen 7),Hybrid LSTM-PPO,New York,0.102016,1.05821,1.16022,0.00991269,0.65984,PERFECT
6G_Sim,Laptop (Ryzen 7),Hybrid LSTM-PPO,Tokyo,0.0960388,1.05821,1.15425,0.00985135,0.65984,PERFECT
6G_Sim,Raspberry Pi 5,PID Control,Kuala Lumpur,0.0991149,0.0874275,0.186542,0.0096078,0.06592,PERFECT
6G_Sim,Raspberry Pi 5,PID Control,New York,0.104685,0.0874275,0.192113,0.00961162,0.02496,PERFECT
6G_Sim,Raspberry Pi 5,PID Control,Tokyo,0.102425,0.0874275,0.189853,0.0102814,0.02496,PERFECT
6G_Sim,Raspberry Pi 5,RBC (Rule-Based),Kuala Lumpur,0.102015,0.0148629,0.116878,0.00992326,0.05568,PERFECT
6G_Sim,Raspberry Pi 5,RBC (Rule-Based),New York,0.104991,0.0148629,0.119854,0.00967703,0.01472,PERFECT
6G_Sim,Raspberry Pi 5,RBC (Rule-Based),Tokyo,0.0956461,0.0148629,0.110509,0.0100107,0.01472,PERFECT
6G_Sim,Raspberry Pi 5,DQN,Kuala Lumpur,0.0980153,1.12726,1.22528,0.0104424,0.20928,PERFECT
6G_Sim,Raspberry Pi 5,DQN,New York,0.101449,1.12726,1.22871,0.00961841,0.16832,PERFECT
6G_Sim,Raspberry Pi 5,DQN,Tokyo,0.096097,1.12726,1.22336,0.0101794,0.16832,PERFECT
6G_Sim,Raspberry Pi 5,PPO (Standard),Kuala Lumpur,0.104337,0.407584,0.511921,0.0103266,0.05568,PERFECT
6G_Sim,Raspberry Pi 5,PPO (Standard),New York,0.10391,0.407584,0.511494,0.00958642,0.01472,PERFECT
6G_Sim,Raspberry Pi 5,PPO (Standard),Tokyo,0.10147,0.407584,0.509055,0.00992209,0.01472,PERFECT
6G_Sim,Raspberry Pi 5,Hybrid LSTM-PPO,Kuala Lumpur,0.0983684,12.6985,12.7969,0.00956646,0.7008,GOOD
6G_Sim,Raspberry Pi 5,Hybrid LSTM-PPO,New York,0.0973548,12.6985,12.7958,0.0102525,0.65984,GOOD
6G_Sim,Raspberry Pi 5,Hybrid LSTM-PPO,Tokyo,0.103257,12.6985,12.8017,0.0102206,0.65984,GOOD
6G_Sim,Raspberry Pi 4,PID Control,Kuala Lumpur,0.102928,0.203998,0.306925,0.0100342,0.06592,PERFECT
6G_Sim,Raspberry Pi 4,PID Control,New York,0.0979553,0.203998,0.301953,0.00991825,0.02496,PERFECT
6G_Sim,Raspberry Pi 4,PID Control,Tokyo,0.0962114,0.203998,0.300209,0.0100602,0.02496,PERFECT
6G_Sim,Raspberry Pi 4,RBC (Rule-Based),Kuala Lumpur,0.0991901,0.03468,0.13387,0.0100952,0.05568,PERFECT
6G_Sim,Raspberry Pi 4,RBC (Rule-Based),New York,0.0963452,0.03468,0.131025,0.0101865,0.01472,PERFECT
6G_Sim,Raspberry Pi 4,RBC (Rule-Based),Tokyo,0.0972307,0.03468,0.131911,0.0102815,0.01472,PERFECT
6G_Sim,Raspberry Pi 4,DQN,Kuala Lumpur,0.0988347,2.63028,2.72912,0.00986145,0.20928,GOOD
6G_Sim,Raspberry Pi 4,DQN,New York,0.104927,2.63028,2.73521,0.00991256,0.16832,GOOD
6G_Sim,Raspberry Pi 4,DQN,Tokyo,0.0962442,2.63028,2.72653,0.0102791,0.16832,GOOD
6G_Sim,Raspberry Pi 4,PPO (Standard),Kuala Lumpur,0.10187,0.95103,1.0529,0.00954681,0.05568,PERFECT
6G_Sim,Raspberry Pi 4,PPO (Standard),New York,0.0988986,0.95103,1.04993,0.00966643,0.01472,PERFECT
6G_Sim,Raspberry Pi 4,PPO (Standard),Tokyo,0.101478,0.95103,1.05251,0.0104622,0.01472,PERFECT
6G_Sim,Raspberry Pi 4,Hybrid LSTM-PPO,Kuala Lumpur,0.0959056,29.6298,29.7257,0.0102854,0.7008,GOOD
6G_Sim,Raspberry Pi 4,Hybrid LSTM-PPO,New York,0.102224,29.6298,29.732,0.00960921,0.65984,GOOD
6G_Sim,Raspberry Pi 4,Hybrid LSTM-PPO,Tokyo,0.102258,29.6298,29.7321,0.00962032,0.65984,GOOD
6G_Sim,Nvidia Jetson,PID Control,Kuala Lumpur,0.0986265,0.0364281,0.135055,0.00972301,0.06592,PERFECT
6G_Sim,Nvidia Jetson,PID Control,New York,0.10073,0.0364281,0.137158,0.00987172,0.02496,PERFECT
6G_Sim,Nvidia Jetson,PID Control,Tokyo,0.0989559,0.0364281,0.135384,0.0104874,0.02496,PERFECT
6G_Sim,Nvidia Jetson,RBC (Rule-Based),Kuala Lumpur,0.0982103,0.00619286,0.104403,0.00950589,0.05568,PERFECT
6G_Sim,Nvidia Jetson,RBC (Rule-Based),New York,0.100393,0.00619286,0.106586,0.0101687,0.01472,PERFECT
6G_Sim,Nvidia Jetson,RBC (Rule-Based),Tokyo,0.101498,0.00619286,0.10769,0.00975953,0.01472,PERFECT
6G_Sim,Nvidia Jetson,DQN,Kuala Lumpur,0.102553,0.469694,0.572247,0.0102897,0.20928,PERFECT
6G_Sim,Nvidia Jetson,DQN,New York,0.097756,0.469694,0.56745,0.0101191,0.16832,PERFECT
6G_Sim,Nvidia Jetson,DQN,Tokyo,0.102434,0.469694,0.572128,0.010492,0.16832,PERFECT
6G_Sim,Nvidia Jetson,PPO (Standard),Kuala Lumpur,0.0975652,0.169827,0.267392,0.00967861,0.05568,PERFECT
6G_Sim,Nvidia Jetson,PPO (Standard),New York,0.0970162,0.169827,0.266843,0.0099525,0.01472,PERFECT
6G_Sim,Nvidia Jetson,PPO (Standard),Tokyo,0.101135,0.169827,0.270962,0.0104278,0.01472,PERFECT
6G_Sim,Nvidia Jetson,Hybrid LSTM-PPO,Kuala Lumpur,0.0994406,5.29104,5.39048,0.00960915,0.7008,GOOD
6G_Sim,Nvidia Jetson,Hybrid LSTM-PPO,New York,0.101699,5.29104,5.39274,0.0104189,0.65984,GOOD
6G_Sim,Nvidia Jetson,Hybrid LSTM-PPO,Tokyo,0.10192,5.29104,5.39296,0.00954233,0.65984,GOOD
6G_Sim,ESP32-S3,PID Control,Kuala Lumpur,0.0965681,1.82141,1.91797,0.00973877,0.06592,PERFECT
6G_Sim,ESP32-S3,PID Control,New York,0.103156,1.82141,1.92456,0.00962055,0.02496,PERFECT
6G_Sim,ESP32-S3,PID Control,Tokyo,0.101268,1.82141,1.92267,0.00970701,0.02496,PERFECT
6G_Sim,ESP32-S3,RBC (Rule-Based),Kuala Lumpur,0.0970866,0.309643,0.40673,0.00978289,0.05568,PERFECT
6G_Sim,ESP32-S3,RBC (Rule-Based),New York,0.0959576,0.309643,0.405601,0.0104784,0.01472,PERFECT
6G_Sim,ESP32-S3,RBC (Rule-Based),Tokyo,0.102356,0.309643,0.411999,0.0104846,0.01472,PERFECT
6G_Sim,ESP32-S3,DQN,Kuala Lumpur,0.100876,23.4847,23.5856,0.00969135,0.20928,PERFECT
6G_Sim,ESP32-S3,DQN,New York,0.0953553,23.4847,23.58,0.0102565,0.16832,PERFECT
6G_Sim,ESP32-S3,DQN,Tokyo,0.0992905,23.4847,23.584,0.0101387,0.16832,PERFECT
6G_Sim,ESP32-S3,PPO (Standard),Kuala Lumpur,0.100676,8.49134,8.59202,0.010456,0.05568,PERFECT
6G_Sim,ESP32-S3,PPO (Standard),New York,0.099957,8.49134,8.5913,0.0100184,0.01472,PERFECT
6G_Sim,ESP32-S3,PPO (Standard),Tokyo,0.0996638,8.49134,8.591,0.0098879,0.01472,PERFECT
6G_Sim,ESP32-S3,Hybrid LSTM-PPO,Kuala Lumpur,0.0984828,264.552,264.65,0.00953115,0.7008,GOOD
6G_Sim,ESP32-S3,Hybrid LSTM-PPO,New York,0.0977345,264.552,264.65,0.00967958,0.65984,GOOD
6G_Sim,ESP32-S3,Hybrid LSTM-PPO,Tokyo,0.095686,264.552,264.648,0.0096797,0.65984,GOOD
